{
    "clientUrl": "http://teacherstudio.me",
    "db": {
        "connectionString": "mongodb+srv://muhi:muhiatlasadmin@cluster0-qyxst.mongodb.net/PayJarvis?retryWrites=true&w=majority"
      },
    "twilio": {
        "accountSid": "ACf7732ee502fa7f4d27120927f0d8857a",
        "authToken": "e0240d7a4475c858a2444f6603e4a855"
    },
    "stripe": {
        "secretKey": "sk_test_vcIq251ToWrYVdE8bBJRLGYe"
    },
    "aws": {
        "accessKey": "AKIAIOEJLUFH6IQ5H66A",
        "secretAccessKey": "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",
        "bucket": "livecords-dev",
        "region": "us-west-2"
    }
  }